{"cameraMode":{"drawMode":0,"name":"Shaded","section":"Shading Mode"},"sceneLighting":false,"audioPlay":false,"sceneViewState":{"m_AlwaysRefresh":false,"showFog":true,"showSkybox":false,"showFlares":true,"showImageEffects":true,"showParticleSystems":true,"showVisualEffectGraphs":true,"m_FxEnabled":true},"in2DMode":false,"pivot":{"x":-9.519315719604493,"y":-0.16533023118972779,"z":-10.331433296203614},"rotation":{"x":-0.042541127651929858,"y":0.9320816397666931,"z":-0.11826937645673752,"w":-0.34018296003341677},"size":12.12435531616211,"orthographic":false}