{"cameraMode":{"drawMode":0,"name":"Shaded","section":"Shading Mode"},"sceneLighting":false,"audioPlay":false,"sceneViewState":{"m_AlwaysRefresh":false,"showFog":true,"showSkybox":false,"showFlares":true,"showImageEffects":true,"showParticleSystems":true,"showVisualEffectGraphs":true,"m_FxEnabled":true},"in2DMode":false,"pivot":{"x":5.7596821784973148,"y":0.18441255390644074,"z":-11.657021522521973},"rotation":{"x":0.3213450610637665,"y":0.08422587066888809,"z":-0.02870941534638405,"w":0.9427767992019653},"size":10.19935131072998,"orthographic":false}