{"cameraMode":{"drawMode":0,"name":"Shaded","section":"Shading Mode"},"sceneLighting":false,"audioPlay":false,"sceneViewState":{"m_AlwaysRefresh":false,"showFog":true,"showSkybox":false,"showFlares":true,"showImageEffects":true,"showParticleSystems":true,"showVisualEffectGraphs":true,"m_FxEnabled":true},"in2DMode":false,"pivot":{"x":9.256667137145996,"y":-1.2880260944366456,"z":-13.30135440826416},"rotation":{"x":0.0014515877701342106,"y":0.997265636920929,"z":-0.07793734967708588,"w":0.0060839056968688969},"size":5.874453067779541,"orthographic":false}