{"cameraMode":{"drawMode":0,"name":"Shaded","section":"Shading Mode"},"sceneLighting":false,"audioPlay":false,"sceneViewState":{"m_AlwaysRefresh":false,"showFog":true,"showSkybox":false,"showFlares":true,"showImageEffects":true,"showParticleSystems":true,"showVisualEffectGraphs":true,"m_FxEnabled":true},"in2DMode":false,"pivot":{"x":-1.9044264554977418,"y":0.7573286294937134,"z":-3.4389920234680177},"rotation":{"x":0.02636566571891308,"y":-0.9706498384475708,"z":0.12591272592544557,"w":0.20323431491851808},"size":1.0438435077667237,"orthographic":false}